model,run,stage,meeting,alignscore,minicheck_ft5_mean,minicheck_ft5_supported_ratio,qafacteval_score,rouge1,rouge2,rougeL,bertscore_f1,summary_words
gemini,1,baseline,Bdb001,0.744,0.5528,0.625,0.7275,0.2849,0.0239,0.1187,0.8567,236
gemini,1,baseline,Bed004,0.8123,0.0396,0.0,0.8351,0.3127,0.0328,0.1694,0.8497,176
gemini,1,baseline,Bed005,0.7236,0.4305,0.4375,0.4421,0.2325,0.0402,0.1122,0.8275,388
gemini,1,baseline,Bed006,0.7403,0.5589,0.5714,0.8394,0.3395,0.0559,0.1852,0.8503,206
gemini,1,baseline,Bed009,0.5376,0.3089,0.3333,0.9878,0.2739,0.0586,0.1577,0.8643,182
gemini,1,baseline,Bed011,0.3798,0.0275,0.0,0.0871,0.3203,0.0658,0.1699,0.8497,206
gemini,1,baseline,ES2008c,0.8935,0.4384,0.4286,0.6216,0.3145,0.0716,0.1484,0.8457,225
gemini,1,baseline,ES2008d,0.7027,0.2316,0.2222,0.9006,0.3747,0.1114,0.2216,0.8555,245
gemini,1,baseline,ES2010a,0.6606,0.4599,0.5,1.3962,0.3772,0.0789,0.2349,0.8631,158
gemini,1,baseline,ES2010b,0.7085,0.4815,0.5,0.8217,0.4463,0.0852,0.2034,0.8616,199
gemini,1,baseline,ES2010c,0.7832,0.4824,0.5455,0.9739,0.4593,0.0962,0.2249,0.8635,262
gemini,1,baseline,ES2010d,0.7062,0.3673,0.3333,1.0043,0.3765,0.0807,0.1975,0.8498,192
gemini,1,baseline,covid_0,0.589,0.5615,0.6176,1.2716,0.1939,0.0324,0.1113,0.805,408
gemini,1,baseline,covid_1,0.7101,0.723,0.7647,0.3644,0.1019,0.0136,0.0589,0.812,791
gemini,1,baseline,covid_10,0.5335,0.3812,0.3333,0.8251,0.2997,0.0571,0.1499,0.8419,255
gemini,1,baseline,covid_3,0.3657,0.0533,0.0,0.2966,0.3444,0.0733,0.1854,0.862,202
gemini,1,baseline,covid_5,0.7328,0.4781,0.4286,0.8567,0.3038,0.0769,0.177,0.8412,505
gemini,1,baseline,covid_7,0.7218,0.5145,0.5122,0.5172,0.1703,0.0473,0.1087,0.8113,828
gemini,1,baseline,covid_8,0.671,0.3651,0.3548,0.5429,0.1556,0.0275,0.087,0.8062,712
gemini,1,baseline,education_1,0.7074,0.61,0.7,1.7757,0.4,0.0892,0.198,0.85,305
gemini,1,reflection,Bdb001,0.7969,0.5501,0.5714,0.8714,0.2997,0.0262,0.1303,0.8589,207
gemini,1,reflection,Bed004,0.8598,0.0335,0.0,0.7779,0.2867,0.0206,0.1638,0.8472,162
gemini,1,reflection,Bed005,0.8001,0.3264,0.3077,0.6095,0.2446,0.0383,0.125,0.8291,257
gemini,1,reflection,Bed006,0.7397,0.5589,0.5714,0.8219,0.2791,0.0468,0.1595,0.847,185
gemini,1,reflection,Bed009,0.5376,0.3089,0.3333,0.9878,0.2739,0.0586,0.1577,0.8643,182
gemini,1,reflection,Bed011,0.4479,0.0261,0.0,0.0946,0.3357,0.0719,0.1857,0.8527,180
gemini,1,reflection,ES2008c,0.8933,0.438,0.4286,0.7389,0.3174,0.0723,0.1497,0.8458,222
gemini,1,reflection,ES2008d,0.6978,0.2316,0.2222,0.9006,0.3767,0.112,0.2228,0.8561,245
gemini,1,reflection,ES2010a,0.8337,0.5566,0.5556,1.6757,0.367,0.0906,0.2247,0.8669,144
gemini,1,reflection,ES2010b,0.7103,0.4774,0.5,0.8938,0.4476,0.0855,0.204,0.8617,198
gemini,1,reflection,ES2010c,0.8065,0.5194,0.5455,0.8056,0.4802,0.1061,0.2216,0.8653,225
gemini,1,reflection,ES2010d,0.7477,0.4011,0.375,0.9765,0.3654,0.071,0.1923,0.8502,179
gemini,1,reflection,covid_0,0.6012,0.5501,0.6061,1.2358,0.1949,0.0326,0.1119,0.8049,405
gemini,1,reflection,covid_1,0.7298,0.5389,0.5,0.8426,0.223,0.0217,0.1223,0.8292,190
gemini,1,reflection,covid_10,0.5176,0.2316,0.1667,1.3109,0.2593,0.0299,0.1481,0.8493,142
gemini,1,reflection,covid_3,0.2654,0.0816,0.0,0.4409,0.3599,0.0697,0.1799,0.8617,190
gemini,1,reflection,covid_5,0.7203,0.4264,0.35,0.6828,0.3065,0.0791,0.1791,0.8426,486
gemini,1,reflection,covid_7,0.7241,0.5144,0.5122,0.5212,0.171,0.0475,0.1092,0.8115,824
gemini,1,reflection,covid_8,0.5985,0.1019,0.0,1.017,0.2121,0.0244,0.1091,0.8209,191
gemini,1,reflection,education_1,0.6913,0.6239,0.625,2.1952,0.3905,0.0796,0.19,0.8586,187
gemini,2,baseline,Bdb001,0.7546,0.217,0.1667,0.6713,0.2519,0.0231,0.1298,0.8629,164
gemini,2,baseline,Bed004,0.7116,0.3932,0.3333,0.7067,0.3166,0.0424,0.1636,0.844,251
gemini,2,baseline,Bed005,0.7028,0.4747,0.5,0.7633,0.3333,0.0592,0.1503,0.8415,198
gemini,2,baseline,Bed006,0.7163,0.4908,0.5,0.8071,0.2865,0.048,0.1432,0.8472,258
gemini,2,baseline,Bed009,0.5361,0.1874,0.1429,0.6839,0.2905,0.0502,0.166,0.8612,179
gemini,2,baseline,Bed011,0.7928,0.3902,0.4,0.8404,0.2986,0.0623,0.169,0.8417,251
gemini,2,baseline,ES2008c,0.8229,0.3806,0.4444,1.0327,0.3219,0.0796,0.1583,0.8437,263
gemini,2,baseline,ES2008d,0.521,0.044,0.0,1.1003,0.4053,0.087,0.2591,0.8618,174
gemini,2,baseline,ES2010a,0.5503,0.2451,0.2,1.314,0.3782,0.0659,0.2109,0.8609,152
gemini,2,baseline,ES2010b,0.812,0.4009,0.4444,1.4642,0.4521,0.0963,0.1968,0.8593,221
gemini,2,baseline,ES2010c,0.7738,0.3948,0.3333,1.2025,0.4513,0.1067,0.2168,0.8592,300
gemini,2,baseline,ES2010d,0.7214,0.3432,0.4286,0.5375,0.35,0.0692,0.1875,0.8466,181
gemini,2,baseline,covid_0,0.5226,0.3742,0.3243,1.3968,0.1821,0.0338,0.0843,0.7979,450
gemini,2,baseline,covid_1,0.7791,0.4622,0.4375,0.3898,0.1354,0.0174,0.0833,0.8199,473
gemini,2,baseline,covid_10,0.6128,0.3975,0.3333,1.0571,0.2834,0.0323,0.139,0.8389,239
gemini,2,baseline,covid_3,0.7682,0.3353,0.3,0.5189,0.2815,0.0472,0.1584,0.8329,239
gemini,2,baseline,covid_5,0.6128,0.6527,0.7284,0.5406,0.2092,0.0642,0.1225,0.8392,883
gemini,2,baseline,covid_7,0.7192,0.4848,0.4783,0.3588,0.2412,0.0581,0.1479,0.8213,477
gemini,2,baseline,covid_8,0.6289,0.4657,0.4667,0.589,0.1804,0.0357,0.1042,0.8118,633
gemini,2,baseline,education_1,0.7455,0.5587,0.5714,1.9122,0.4183,0.0878,0.1863,0.8544,336
gemini,2,reflection,Bdb001,0.7025,0.216,0.1667,0.6983,0.2491,0.0228,0.1283,0.8627,167
gemini,2,reflection,Bed004,0.7116,0.3932,0.3333,0.7067,0.3166,0.0424,0.1636,0.844,251
gemini,2,reflection,Bed005,0.7403,0.4745,0.5,0.769,0.3469,0.0616,0.1565,0.8417,186
gemini,2,reflection,Bed006,0.7243,0.4886,0.5556,0.7131,0.2907,0.0279,0.1384,0.8435,174
gemini,2,reflection,Bed009,0.5361,0.1874,0.1429,0.6839,0.2905,0.0502,0.166,0.8612,179
gemini,2,reflection,Bed011,0.7982,0.4453,0.4444,0.9615,0.2756,0.0581,0.1731,0.8481,208
gemini,2,reflection,ES2008c,0.8269,0.3815,0.4444,1.0786,0.3342,0.08,0.1592,0.8443,261
gemini,2,reflection,ES2008d,0.521,0.044,0.0,1.1003,0.4053,0.087,0.2591,0.8618,174
gemini,2,reflection,ES2010a,0.5503,0.2451,0.2,1.314,0.3782,0.0659,0.2109,0.8609,152
gemini,2,reflection,ES2010b,0.7249,0.3425,0.375,0.8294,0.4375,0.1006,0.225,0.8582,165
gemini,2,reflection,ES2010c,0.811,0.2871,0.2308,1.1662,0.4924,0.1378,0.2437,0.8696,242
gemini,2,reflection,ES2010d,0.8468,0.389,0.4286,0.7763,0.3377,0.0733,0.1921,0.8463,163
gemini,2,reflection,covid_0,0.534,0.6941,0.6667,2.1082,0.2733,0.0292,0.1163,0.8221,210
gemini,2,reflection,covid_1,0.5725,0.3404,0.2857,0.4528,0.1875,0.0,0.1172,0.8283,168
gemini,2,reflection,covid_10,0.5864,0.4622,0.4444,1.1087,0.2938,0.0341,0.1469,0.8396,219
gemini,2,reflection,covid_3,0.7575,0.2106,0.1429,0.4953,0.3116,0.0584,0.1594,0.8395,175
gemini,2,reflection,covid_5,0.6658,0.5056,0.5455,0.85,0.344,0.1139,0.2079,0.8355,358
gemini,2,reflection,covid_7,0.7148,0.519,0.55,0.5525,0.2457,0.0521,0.1488,0.8168,437
gemini,2,reflection,covid_8,0.5268,0.2371,0.1667,1.4284,0.3251,0.0356,0.1979,0.8369,146
gemini,2,reflection,education_1,0.7455,0.5587,0.5714,1.9122,0.4183,0.0878,0.1863,0.8544,336
gemini,3,baseline,Bdb001,0.7555,0.2863,0.3333,0.6956,0.2759,0.0289,0.1322,0.86,246
gemini,3,baseline,Bed004,0.3099,0.0246,0.0,0.0,0.3213,0.0726,0.1836,0.8496,175
gemini,3,baseline,Bed005,0.6207,0.3137,0.25,0.8531,0.312,0.056,0.1393,0.8359,253
gemini,3,baseline,Bed006,0.456,0.2694,0.25,0.8249,0.254,0.0639,0.127,0.8504,194
gemini,3,baseline,Bed009,0.5529,0.3814,0.4,0.8094,0.2289,0.0485,0.1265,0.8412,269
gemini,3,baseline,Bed011,0.598,0.2624,0.25,0.8092,0.2753,0.0565,0.1573,0.8426,255
gemini,3,baseline,ES2008c,0.7529,0.3722,0.4,0.8347,0.3196,0.0734,0.1598,0.8425,317
gemini,3,baseline,ES2008d,0.6216,0.1725,0.1429,0.4933,0.413,0.1365,0.2124,0.8651,213
gemini,3,baseline,ES2010a,0.852,0.6956,0.7143,2.0427,0.3475,0.0929,0.2128,0.8532,156
gemini,3,baseline,ES2010b,0.8854,0.2383,0.1429,1.4588,0.4066,0.0939,0.2143,0.8588,206
gemini,3,baseline,ES2010c,0.7135,0.41,0.5,1.3058,0.4673,0.1111,0.2211,0.8678,242
gemini,3,baseline,ES2010d,0.7186,0.3251,0.2857,0.6643,0.4125,0.1069,0.225,0.8554,189
gemini,3,baseline,covid_0,0.7536,0.4516,0.5,1.5185,0.2656,0.0262,0.1302,0.8211,248
gemini,3,baseline,covid_1,0.7416,0.4012,0.375,0.9536,0.2108,0.0121,0.1265,0.8307,244
gemini,3,baseline,covid_10,0.4463,0.3352,0.3333,0.8179,0.2445,0.0344,0.1516,0.8395,275
gemini,3,baseline,covid_3,0.3545,0.0628,0.0,0.7412,0.2661,0.0737,0.1789,0.8435,326
gemini,3,baseline,covid_5,0.724,0.5727,0.5714,1.1609,0.3142,0.0816,0.1885,0.8336,368
gemini,3,baseline,covid_7,0.5765,0.2837,0.2,1.2838,0.2567,0.0535,0.1646,0.8117,281
gemini,3,baseline,covid_8,0.6996,0.5155,0.5455,0.6234,0.3217,0.0485,0.1609,0.834,235
gemini,3,baseline,education_1,0.6919,0.6312,0.625,1.8331,0.3729,0.0827,0.1937,0.8563,226
gemini,3,reflection,Bdb001,0.8468,0.5483,0.5556,0.9519,0.2828,0.0208,0.1448,0.8611,191
gemini,3,reflection,Bed004,0.3647,0.0248,0.0,0.1293,0.3098,0.0746,0.1751,0.8517,167
gemini,3,reflection,Bed005,0.6296,0.2338,0.1818,0.7922,0.3107,0.0511,0.1412,0.8351,249
gemini,3,reflection,Bed006,0.456,0.2694,0.25,0.8249,0.254,0.0639,0.127,0.8504,194
gemini,3,reflection,Bed009,0.5607,0.4094,0.4444,0.9841,0.2545,0.0513,0.1527,0.8446,214
gemini,3,reflection,Bed011,0.6054,0.3254,0.25,1.2294,0.2766,0.05,0.1631,0.8463,180
gemini,3,reflection,ES2008c,0.8309,0.4527,0.5,0.9106,0.331,0.076,0.1655,0.8434,303
gemini,3,reflection,ES2008d,0.7014,0.0525,0.0,0.9264,0.436,0.1185,0.2353,0.8657,164
gemini,3,reflection,ES2010a,0.8925,0.6436,0.5714,2.1118,0.3509,0.0919,0.2105,0.8534,159
gemini,3,reflection,ES2010b,0.7621,0.2417,0.1429,1.0318,0.4107,0.1018,0.2083,0.8609,180
gemini,3,reflection,ES2010c,0.6498,0.3366,0.25,0.9059,0.4405,0.1138,0.2321,0.8716,180
gemini,3,reflection,ES2010d,0.7213,0.3251,0.2857,0.6622,0.4164,0.1079,0.2271,0.8555,186
gemini,3,reflection,covid_0,0.7428,0.4851,0.5455,1.5513,0.2599,0.0284,0.1356,0.8237,221
gemini,3,reflection,covid_1,0.4899,0.3309,0.2857,0.6573,0.1972,0.0142,0.1197,0.8354,197
gemini,3,reflection,covid_10,0.4443,0.336,0.3333,0.9407,0.2427,0.0341,0.1505,0.8399,278
gemini,3,reflection,covid_3,0.332,0.058,0.0,0.6587,0.2682,0.0757,0.1835,0.844,315
gemini,3,reflection,covid_5,0.5961,0.5791,0.5714,0.823,0.3099,0.0963,0.1915,0.8315,190
gemini,3,reflection,covid_7,0.5765,0.2837,0.2,1.2838,0.2567,0.0535,0.1646,0.8117,281
gemini,3,reflection,covid_8,0.6889,0.2185,0.1429,0.9463,0.2691,0.0147,0.1382,0.8325,140
gemini,3,reflection,education_1,0.7599,0.7048,0.7143,1.8611,0.3852,0.0902,0.2058,0.8593,192
grok,1,baseline,Bdb001,0.5062,0.4435,0.5,0.5528,0.2478,0.0179,0.1416,0.8559,125
grok,1,baseline,Bed004,0.5422,0.0415,0.0,0.8721,0.2455,0.0436,0.1661,0.8406,149
grok,1,baseline,Bed005,0.5093,0.184,0.1667,0.3894,0.2305,0.0273,0.1288,0.8337,187
grok,1,baseline,Bed006,0.5063,0.1679,0.1667,0.1843,0.2517,0.0423,0.1399,0.8551,166
grok,1,baseline,Bed009,0.1956,0.0511,0.0,0.4838,0.213,0.0374,0.1111,0.844,148
grok,1,baseline,Bed011,0.6312,0.0684,0.0,0.3557,0.298,0.0474,0.1569,0.8415,148
grok,1,baseline,ES2008c,0.7285,0.175,0.25,0.2897,0.4016,0.0891,0.241,0.8629,137
grok,1,baseline,ES2008d,0.5713,0.0381,0.0,0.7622,0.4176,0.1107,0.2418,0.8642,145
grok,1,baseline,ES2010a,0.64,0.0623,0.0,0.4745,0.3643,0.0859,0.2248,0.8676,134
grok,1,baseline,ES2010b,0.6298,0.6649,0.7143,0.6999,0.4735,0.0996,0.2332,0.8694,132
grok,1,baseline,ES2010c,0.7873,0.1433,0.1667,0.9152,0.4369,0.1031,0.2389,0.8682,141
grok,1,baseline,ES2010d,0.3726,0.0213,0.0,0.5432,0.3649,0.0283,0.1895,0.854,154
grok,1,baseline,covid_0,0.274,0.0458,0.0,0.6759,0.2143,0.0432,0.1214,0.8424,148
grok,1,baseline,covid_1,0.523,0.1575,0.0,0.3244,0.2385,0.0,0.1193,0.8379,131
grok,1,baseline,covid_10,0.5998,0.3039,0.2,1.2669,0.2568,0.0314,0.1634,0.841,130
grok,1,baseline,covid_3,0.7477,0.2409,0.2,0.629,0.359,0.1207,0.2137,0.854,139
grok,1,baseline,covid_5,0.5927,0.19,0.25,1.0941,0.2606,0.1049,0.1954,0.8458,137
grok,1,baseline,covid_7,0.458,0.2512,0.2,0.6966,0.2609,0.0657,0.1667,0.842,149
grok,1,baseline,covid_8,0.5377,0.2412,0.25,1.1222,0.2454,0.03,0.171,0.8326,134
grok,1,baseline,education_1,0.614,0.2622,0.25,1.759,0.3214,0.0539,0.1786,0.8493,139
grok,1,reflection,Bdb001,0.4979,0.2127,0.25,0.7062,0.2174,0.0175,0.1304,0.8508,129
grok,1,reflection,Bed004,0.5569,0.0415,0.0,0.8435,0.2473,0.044,0.1673,0.8405,147
grok,1,reflection,Bed005,0.5421,0.2051,0.1667,0.2652,0.2591,0.0327,0.1377,0.8335,140
grok,1,reflection,Bed006,0.5565,0.1753,0.1667,0.0723,0.2331,0.0379,0.1504,0.8522,147
grok,1,reflection,Bed009,0.5505,0.1996,0.1667,0.4297,0.2762,0.0447,0.1436,0.8413,116
grok,1,reflection,Bed011,0.7563,0.5001,0.4,0.3098,0.3125,0.0541,0.1696,0.8507,121
grok,1,reflection,ES2008c,0.7285,0.175,0.25,0.2897,0.4016,0.0891,0.241,0.8629,137
grok,1,reflection,ES2008d,0.5959,0.2178,0.2,0.9203,0.4078,0.1107,0.251,0.8649,126
grok,1,reflection,ES2010a,0.6423,0.0759,0.0,0.6861,0.3615,0.0853,0.2231,0.8668,136
grok,1,reflection,ES2010b,0.6298,0.6649,0.7143,0.6999,0.4735,0.0996,0.2332,0.8694,132
grok,1,reflection,ES2010c,0.8085,0.2939,0.3333,0.7743,0.4155,0.1064,0.2394,0.8652,132
grok,1,reflection,ES2010d,0.3726,0.0213,0.0,0.5432,0.3649,0.0283,0.1895,0.854,154
grok,1,reflection,covid_0,0.274,0.0458,0.0,0.6759,0.2143,0.0432,0.1214,0.8424,148
grok,1,reflection,covid_1,0.6769,0.2243,0.2,0.4168,0.1711,0.0,0.0963,0.8341,103
grok,1,reflection,covid_10,0.5998,0.3039,0.2,1.2669,0.2568,0.0314,0.1634,0.841,130
grok,1,reflection,covid_3,0.7328,0.2406,0.2,0.7372,0.3668,0.1233,0.2183,0.8538,134
grok,1,reflection,covid_5,0.5973,0.1877,0.25,1.0941,0.2658,0.107,0.1993,0.8471,131
grok,1,reflection,covid_7,0.5737,0.088,0.0,0.3984,0.2333,0.0672,0.1833,0.8366,110
grok,1,reflection,covid_8,0.557,0.2844,0.25,1.3436,0.2545,0.0366,0.1745,0.8325,140
grok,1,reflection,education_1,0.6082,0.2595,0.25,1.8464,0.3123,0.0544,0.1802,0.8489,136
grok,2,baseline,Bdb001,0.8584,0.2252,0.1667,0.5885,0.2232,0.0173,0.1202,0.8546,131
grok,2,baseline,Bed004,0.6445,0.4112,0.4286,1.0383,0.3146,0.0453,0.1723,0.8439,134
grok,2,baseline,Bed005,0.6504,0.0112,0.0,0.3375,0.2672,0.0231,0.1374,0.8375,149
grok,2,baseline,Bed006,0.4127,0.0741,0.0,0.1406,0.249,0.0471,0.1634,0.8531,137
grok,2,baseline,Bed009,0.4563,0.1835,0.2,0.582,0.246,0.0324,0.1283,0.8567,122
grok,2,baseline,Bed011,0.5087,0.1557,0.2,0.3797,0.3122,0.0511,0.2025,0.8417,130
grok,2,baseline,ES2008c,0.946,0.37,0.3333,0.5733,0.3833,0.0756,0.2,0.864,128
grok,2,baseline,ES2008d,0.6968,0.1787,0.1667,0.8108,0.3482,0.0816,0.2186,0.861,119
grok,2,baseline,ES2010a,0.85,0.1072,0.0,1.1447,0.332,0.0735,0.2105,0.8632,123
grok,2,baseline,ES2010b,0.6491,0.014,0.0,1.152,0.4742,0.1176,0.2268,0.8647,138
grok,2,baseline,ES2010c,0.7562,0.0432,0.0,0.8288,0.45,0.1223,0.2143,0.8694,122
grok,2,baseline,ES2010d,0.2899,0.0204,0.0,0.532,0.2892,0.0162,0.1687,0.8426,117
grok,2,baseline,covid_0,0.5199,0.0289,0.0,0.6266,0.2482,0.0441,0.1314,0.8391,144
grok,2,baseline,covid_1,0.6869,0.2706,0.2,0.9096,0.225,0.0168,0.125,0.8306,152
grok,2,baseline,covid_10,0.5268,0.2836,0.2,0.979,0.2528,0.0449,0.1413,0.8416,143
grok,2,baseline,covid_3,0.3689,0.0401,0.0,0.7955,0.3587,0.1357,0.2242,0.8601,127
grok,2,baseline,covid_5,0.8568,0.4079,0.4,0.7075,0.3034,0.0486,0.1655,0.8467,126
grok,2,baseline,covid_7,0.6177,0.412,0.4,1.3164,0.2943,0.0532,0.1736,0.8404,133
grok,2,baseline,covid_8,0.3387,0.1553,0.0,1.2218,0.2313,0.0226,0.1642,0.8391,133
grok,2,baseline,education_1,0.4068,0.2103,0.2,1.3501,0.3354,0.0736,0.1768,0.8542,138
grok,2,reflection,Bdb001,0.8584,0.2252,0.1667,0.5885,0.2232,0.0173,0.1202,0.8546,131
grok,2,reflection,Bed004,0.7693,0.3307,0.3333,0.6675,0.2868,0.0304,0.1585,0.8401,133
grok,2,reflection,Bed005,0.3804,0.017,0.0,0.4815,0.2581,0.0407,0.121,0.8325,143
grok,2,reflection,Bed006,0.4127,0.0741,0.0,0.1406,0.249,0.0471,0.1634,0.8531,137
grok,2,reflection,Bed009,0.4563,0.1835,0.2,0.582,0.246,0.0324,0.1283,0.8567,122
grok,2,reflection,Bed011,0.5427,0.1604,0.25,0.4307,0.3168,0.08,0.198,0.8519,97
grok,2,reflection,ES2008c,0.9483,0.372,0.3333,0.6635,0.3882,0.0766,0.1941,0.8646,125
grok,2,reflection,ES2008d,0.6968,0.1787,0.1667,0.8108,0.3482,0.0816,0.2186,0.861,119
grok,2,reflection,ES2010a,0.8074,0.4295,0.4,1.872,0.332,0.0735,0.2105,0.8613,123
grok,2,reflection,ES2010b,0.7449,0.0165,0.0,0.9594,0.4792,0.1189,0.2292,0.8638,135
grok,2,reflection,ES2010c,0.7613,0.0443,0.0,0.83,0.45,0.1223,0.2143,0.8687,122
grok,2,reflection,ES2010d,0.2899,0.0204,0.0,0.532,0.2892,0.0162,0.1687,0.8426,117
grok,2,reflection,covid_0,0.5889,0.0206,0.0,0.6062,0.1466,0.0174,0.0862,0.8312,103
grok,2,reflection,covid_1,0.6869,0.2706,0.2,0.9096,0.225,0.0168,0.125,0.8306,152
grok,2,reflection,covid_10,0.6737,0.4278,0.4,1.2983,0.2439,0.041,0.1545,0.8374,120
grok,2,reflection,covid_3,0.45,0.0413,0.0,0.7009,0.341,0.1395,0.2304,0.8635,121
grok,2,reflection,covid_5,0.8568,0.4079,0.4,0.7075,0.3034,0.0486,0.1655,0.8467,126
grok,2,reflection,covid_7,0.7371,0.5854,0.6,1.0387,0.2609,0.0478,0.1739,0.8418,123
grok,2,reflection,covid_8,0.3527,0.155,0.0,1.2034,0.2314,0.025,0.157,0.8435,107
grok,2,reflection,education_1,0.3765,0.21,0.2,1.3508,0.3354,0.0736,0.1768,0.8537,138
grok,3,baseline,Bdb001,0.5337,0.0437,0.0,0.8382,0.2242,0.009,0.1166,0.8533,120
grok,3,baseline,Bed004,0.8057,0.1753,0.1667,0.3722,0.2626,0.0203,0.1616,0.8363,165
grok,3,baseline,Bed005,0.5645,0.1702,0.1667,0.4641,0.2846,0.041,0.122,0.8392,141
grok,3,baseline,Bed006,0.4335,0.1342,0.1429,0.2815,0.1784,0.015,0.1041,0.8365,151
grok,3,baseline,Bed009,0.4976,0.0506,0.0,0.3827,0.2564,0.0311,0.1333,0.8509,125
grok,3,baseline,Bed011,0.72,0.0562,0.0,0.0474,0.3358,0.0677,0.1567,0.8409,161
grok,3,baseline,ES2008c,0.8676,0.4548,0.5,0.5945,0.3557,0.0876,0.1976,0.8597,142
grok,3,baseline,ES2008d,0.3387,0.0191,0.0,0.6151,0.3547,0.076,0.2264,0.8631,137
grok,3,baseline,ES2010a,0.6558,0.3709,0.4,1.1447,0.3557,0.0797,0.2055,0.8599,129
grok,3,baseline,ES2010b,0.7224,0.3655,0.3333,0.6379,0.4828,0.1042,0.2207,0.8705,139
grok,3,baseline,ES2010c,0.8393,0.1968,0.2,0.8257,0.4746,0.1092,0.2305,0.8644,141
grok,3,baseline,ES2010d,0.4579,0.22,0.2,0.0418,0.2915,0.0408,0.1862,0.847,114
grok,3,baseline,covid_0,0.4831,0.2908,0.2,0.5251,0.2537,0.015,0.1269,0.8426,138
grok,3,baseline,covid_1,0.6234,0.1203,0.0,0.0748,0.2562,0.025,0.1405,0.8453,161
grok,3,baseline,covid_10,0.4317,0.0604,0.0,1.0838,0.2137,0.0077,0.1221,0.8468,134
grok,3,baseline,covid_3,0.4207,0.0705,0.0,0.8568,0.2937,0.104,0.2143,0.855,158
grok,3,baseline,covid_5,0.7578,0.2368,0.2,0.8251,0.3024,0.1107,0.2199,0.8522,127
grok,3,baseline,covid_7,0.4014,0.125,0.0,0.871,0.2397,0.0621,0.1507,0.8382,161
grok,3,baseline,covid_8,0.794,0.1296,0.0,0.9661,0.2171,0.0312,0.1473,0.8337,125
grok,3,baseline,education_1,0.6088,0.2592,0.25,2.3024,0.3101,0.051,0.1835,0.8527,124
grok,3,reflection,Bdb001,0.5243,0.0359,0.0,0.5528,0.2624,0.0091,0.1267,0.8606,118
grok,3,reflection,Bed004,0.8065,0.177,0.1667,0.6218,0.2644,0.0205,0.1627,0.8369,163
grok,3,reflection,Bed005,0.5684,0.1701,0.1667,0.4648,0.2857,0.0412,0.1224,0.8389,140
grok,3,reflection,Bed006,0.4335,0.1342,0.1429,0.2815,0.1784,0.015,0.1041,0.8365,151
grok,3,reflection,Bed009,0.4976,0.0506,0.0,0.3827,0.2564,0.0311,0.1333,0.8509,125
grok,3,reflection,Bed011,0.72,0.0562,0.0,0.0474,0.3358,0.0677,0.1567,0.8409,161
grok,3,reflection,ES2008c,0.8676,0.4548,0.5,0.5945,0.3557,0.0876,0.1976,0.8597,142
grok,3,reflection,ES2008d,0.3387,0.0191,0.0,0.6151,0.3547,0.076,0.2264,0.8631,137
grok,3,reflection,ES2010a,0.6558,0.3709,0.4,1.1447,0.3557,0.0797,0.2055,0.8599,129
grok,3,reflection,ES2010b,0.7691,0.5029,0.5,0.8723,0.493,0.1064,0.2183,0.8721,133
grok,3,reflection,ES2010c,0.8151,0.1969,0.2,0.8999,0.4875,0.1155,0.2366,0.8674,126
grok,3,reflection,ES2010d,0.4579,0.22,0.2,0.0418,0.2915,0.0408,0.1862,0.847,114
grok,3,reflection,covid_0,0.4857,0.1262,0.0,0.6647,0.2195,0.0082,0.1138,0.8385,116
grok,3,reflection,covid_1,0.6701,0.2854,0.3333,0.3947,0.216,0.019,0.1315,0.8405,131
grok,3,reflection,covid_10,0.5582,0.3646,0.5,1.6886,0.2537,0.0376,0.1343,0.8417,135
grok,3,reflection,covid_3,0.4207,0.0705,0.0,0.8568,0.2937,0.104,0.2143,0.855,158
grok,3,reflection,covid_5,0.7578,0.2368,0.2,0.8251,0.3024,0.1107,0.2199,0.8522,127
grok,3,reflection,covid_7,0.4088,0.2267,0.2,1.2717,0.2481,0.0682,0.1579,0.8374,134
grok,3,reflection,covid_8,0.7769,0.3177,0.25,1.3332,0.2041,0.0329,0.1388,0.8315,112
grok,3,reflection,education_1,0.6088,0.2592,0.25,2.3024,0.3101,0.051,0.1835,0.8527,124
o4mini,1,baseline,Bdb001,0.4883,0.3154,0.3333,0.6376,0.249,0.0251,0.1079,0.8502,134
o4mini,1,baseline,Bed004,0.4743,0.0372,0.0,0.5043,0.2197,0.0229,0.1288,0.8367,135
o4mini,1,baseline,Bed005,0.262,0.0123,0.0,0.1491,0.232,0.0161,0.12,0.8233,140
o4mini,1,baseline,Bed006,0.2902,0.1551,0.1429,0.4678,0.2353,0.0418,0.1315,0.8378,164
o4mini,1,baseline,Bed009,0.4214,0.0245,0.0,0.6509,0.266,0.0498,0.1281,0.8505,136
o4mini,1,baseline,Bed011,0.6227,0.2641,0.2857,0.2105,0.2822,0.0586,0.1494,0.8451,131
o4mini,1,baseline,ES2008c,0.824,0.4173,0.4286,0.6913,0.3035,0.0235,0.1634,0.8404,142
o4mini,1,baseline,ES2008d,0.4221,0.0277,0.0,0.8204,0.3396,0.038,0.1585,0.8412,131
o4mini,1,baseline,ES2010a,0.5518,0.1277,0.0,1.0058,0.3308,0.0543,0.1923,0.8481,134
o4mini,1,baseline,ES2010b,0.5146,0.0221,0.0,0.6351,0.3841,0.0733,0.1921,0.8534,142
o4mini,1,baseline,ES2010c,0.7345,0.2646,0.2857,1.2323,0.4474,0.0861,0.2105,0.866,149
o4mini,1,baseline,ES2010d,0.3433,0.1853,0.1667,0.3062,0.2982,0.044,0.1673,0.8308,136
o4mini,1,baseline,covid_0,0.3696,0.2251,0.1429,0.6504,0.1722,0.0067,0.106,0.8233,160
o4mini,1,baseline,covid_1,0.4269,0.103,0.0,1.0288,0.1991,0.0,0.1357,0.8355,135
o4mini,1,baseline,covid_10,0.4175,0.0417,0.0,0.5977,0.1908,0.0231,0.1298,0.8295,131
o4mini,1,baseline,covid_3,0.3462,0.2281,0.2,0.7971,0.2305,0.0664,0.1893,0.8521,147
o4mini,1,baseline,covid_5,0.3535,0.0432,0.0,0.9016,0.1892,0.0204,0.1216,0.8276,127
o4mini,1,baseline,covid_7,0.4205,0.0598,0.0,0.5258,0.1649,0.0144,0.1004,0.8183,138
o4mini,1,baseline,covid_8,0.5445,0.0517,0.0,1.6906,0.223,0.0225,0.1487,0.8121,136
o4mini,1,baseline,education_1,0.5645,0.2344,0.2,2.089,0.2651,0.0174,0.121,0.8397,147
o4mini,1,reflection,Bdb001,0.554,0.4644,0.5,0.7342,0.2222,0.0187,0.1111,0.8538,110
o4mini,1,reflection,Bed004,0.6005,0.138,0.1429,0.4244,0.1791,0.0075,0.1194,0.8323,140
o4mini,1,reflection,Bed005,0.6031,0.197,0.1429,0.8666,0.2213,0.0165,0.1393,0.8243,138
o4mini,1,reflection,Bed006,0.184,0.0188,0.0,0.8912,0.2045,0.0076,0.1136,0.8329,141
o4mini,1,reflection,Bed009,0.5303,0.2126,0.1429,1.0186,0.2304,0.0423,0.1152,0.848,123
o4mini,1,reflection,Bed011,0.559,0.1988,0.1667,0.187,0.2489,0.0606,0.1459,0.8441,123
o4mini,1,reflection,ES2008c,0.9026,0.6452,0.8571,0.6524,0.2969,0.0176,0.1397,0.84,115
o4mini,1,reflection,ES2008d,0.4688,0.0199,0.0,0.5852,0.3433,0.0346,0.1631,0.8467,102
o4mini,1,reflection,ES2010a,0.5361,0.1951,0.0,1.2005,0.3574,0.0613,0.2053,0.8473,137
o4mini,1,reflection,ES2010b,0.8408,0.3273,0.3333,0.5486,0.3605,0.0959,0.1905,0.8496,131
o4mini,1,reflection,ES2010c,0.6498,0.2199,0.1667,1.0174,0.4286,0.0935,0.2214,0.8688,126
o4mini,1,reflection,ES2010d,0.5399,0.34,0.3333,0.458,0.2772,0.0302,0.1573,0.826,127
o4mini,1,reflection,covid_0,0.3337,0.221,0.1429,0.5117,0.1606,0.0,0.0949,0.8257,136
o4mini,1,reflection,covid_1,0.4063,0.1169,0.0,0.7729,0.1972,0.0,0.1315,0.8348,127
o4mini,1,reflection,covid_10,0.3505,0.0409,0.0,0.6462,0.1962,0.0228,0.1132,0.8302,130
o4mini,1,reflection,covid_3,0.5327,0.3913,0.4,1.0392,0.2586,0.1043,0.2069,0.8498,137
o4mini,1,reflection,covid_5,0.4605,0.0322,0.0,0.3704,0.18,0.0134,0.1,0.8222,131
o4mini,1,reflection,covid_7,0.4479,0.0564,0.0,0.3043,0.1328,0.0,0.0859,0.8159,122
o4mini,1,reflection,covid_8,0.3229,0.0642,0.0,1.6083,0.2074,0.0224,0.1259,0.8218,132
o4mini,1,reflection,education_1,0.5741,0.2341,0.2,2.0504,0.2667,0.0175,0.1217,0.8396,145
o4mini,2,baseline,Bdb001,0.4344,0.194,0.1429,0.497,0.2387,0.0249,0.1317,0.8514,137
o4mini,2,baseline,Bed004,0.6388,0.0262,0.0,0.5398,0.1946,0.027,0.1208,0.8313,160
o4mini,2,baseline,Bed005,0.2358,0.242,0.25,0.1989,0.2276,0.0164,0.122,0.8283,136
o4mini,2,baseline,Bed006,0.4398,0.034,0.0,0.3975,0.2437,0.0217,0.129,0.8427,156
o4mini,2,baseline,Bed009,0.4904,0.1683,0.1667,1.1244,0.268,0.0417,0.1649,0.8408,128
o4mini,2,baseline,Bed011,0.5435,0.0512,0.0,0.5492,0.281,0.0667,0.1736,0.8369,133
o4mini,2,baseline,ES2008c,0.6934,0.1135,0.0,0.4077,0.3125,0.0551,0.1641,0.848,143
o4mini,2,baseline,ES2008d,0.5171,0.0426,0.0,0.8412,0.3146,0.0377,0.1798,0.8439,134
o4mini,2,baseline,ES2010a,0.7014,0.0602,0.0,1.889,0.3178,0.0625,0.1938,0.8479,131
o4mini,2,baseline,ES2010b,0.3352,0.0128,0.0,0.4796,0.3849,0.0762,0.1956,0.8499,157
o4mini,2,baseline,ES2010c,0.5142,0.0257,0.0,0.7205,0.3595,0.0461,0.1765,0.8581,150
o4mini,2,baseline,ES2010d,0.6746,0.3035,0.3333,0.3566,0.2879,0.0382,0.1667,0.8382,129
o4mini,2,baseline,covid_0,0.4714,0.2208,0.1667,0.4529,0.1673,0.022,0.1091,0.8262,138
o4mini,2,baseline,covid_1,0.4156,0.0835,0.0,0.827,0.1646,0.0,0.107,0.8274,151
o4mini,2,baseline,covid_10,0.5487,0.2653,0.25,0.8515,0.2118,0.0158,0.149,0.8362,126
o4mini,2,baseline,covid_3,0.5362,0.1801,0.1667,0.3625,0.2205,0.0238,0.1102,0.837,155
o4mini,2,baseline,covid_5,0.351,0.0502,0.0,0.3576,0.1853,0.0064,0.1086,0.8255,142
o4mini,2,baseline,covid_7,0.3766,0.4622,0.4,0.703,0.2261,0.0356,0.1272,0.824,145
o4mini,2,baseline,covid_8,0.4431,0.0879,0.0,1.078,0.2595,0.0154,0.1298,0.8249,127
o4mini,2,baseline,education_1,0.8141,0.286,0.2,1.455,0.2592,0.0397,0.1239,0.8413,158
o4mini,2,reflection,Bdb001,0.6361,0.2397,0.2857,0.55,0.2308,0.0172,0.1282,0.8516,127
o4mini,2,reflection,Bed004,0.6216,0.1976,0.2,0.6082,0.2238,0.0364,0.1372,0.8357,144
o4mini,2,reflection,Bed005,0.1152,0.0066,0.0,0.4169,0.2174,0.0088,0.113,0.8319,126
o4mini,2,reflection,Bed006,0.6564,0.1607,0.1667,0.3427,0.239,0.0241,0.1594,0.8472,130
o4mini,2,reflection,Bed009,0.4243,0.189,0.1667,0.9559,0.2473,0.0326,0.1613,0.8399,118
o4mini,2,reflection,Bed011,0.544,0.0518,0.0,0.5172,0.281,0.0667,0.1736,0.8358,133
o4mini,2,reflection,ES2008c,0.7732,0.278,0.3333,0.4701,0.321,0.0581,0.1646,0.8464,127
o4mini,2,reflection,ES2008d,0.6094,0.0683,0.0,0.7507,0.3777,0.0519,0.2232,0.8594,105
o4mini,2,reflection,ES2010a,0.7492,0.0506,0.0,1.1513,0.332,0.07,0.2239,0.8499,132
o4mini,2,reflection,ES2010b,0.5593,0.1948,0.2,0.5081,0.4013,0.0875,0.214,0.8557,139
o4mini,2,reflection,ES2010c,0.6984,0.1769,0.1667,0.7112,0.3481,0.0481,0.1775,0.8587,137
o4mini,2,reflection,ES2010d,0.5921,0.3121,0.4,0.0,0.2257,0.0392,0.1479,0.8323,123
o4mini,2,reflection,covid_0,0.4488,0.1894,0.1667,0.8847,0.1609,0.0154,0.0843,0.827,127
o4mini,2,reflection,covid_1,0.2348,0.1157,0.0,0.6194,0.2069,0.0087,0.1207,0.8308,140
o4mini,2,reflection,covid_10,0.4507,0.3588,0.3333,1.2753,0.2258,0.0244,0.129,0.8337,117
o4mini,2,reflection,covid_3,0.554,0.1883,0.1667,0.4385,0.1724,0.0174,0.1034,0.8339,134
o4mini,2,reflection,covid_5,0.4795,0.0493,0.0,0.5709,0.1684,0.0068,0.1077,0.8239,127
o4mini,2,reflection,covid_7,0.5055,0.5376,0.5,0.4216,0.1679,0.0231,0.1145,0.8268,123
o4mini,2,reflection,covid_8,0.4438,0.0903,0.0,1.124,0.25,0.0076,0.1288,0.8229,128
o4mini,2,reflection,education_1,0.7152,0.4246,0.4286,1.4709,0.2761,0.034,0.1352,0.8442,158
o4mini,3,baseline,Bdb001,0.5577,0.4441,0.5,0.4966,0.2705,0.0248,0.1311,0.8555,139
o4mini,3,baseline,Bed004,0.4737,0.175,0.1667,0.3271,0.2886,0.0473,0.1544,0.836,163
o4mini,3,baseline,Bed005,0.3837,0.2849,0.3333,0.6245,0.2113,0.0532,0.1132,0.8307,155
o4mini,3,baseline,Bed006,0.2137,0.0191,0.0,0.5073,0.2353,0.0158,0.1333,0.841,130
o4mini,3,baseline,Bed009,0.2556,0.2073,0.2,1.9922,0.2667,0.0385,0.1524,0.8507,138
o4mini,3,baseline,Bed011,0.1986,0.0523,0.0,0.3944,0.3256,0.0859,0.186,0.8476,150
o4mini,3,baseline,ES2008c,0.7078,0.2158,0.1667,0.8926,0.2792,0.0392,0.1364,0.8424,188
o4mini,3,baseline,ES2008d,0.5204,0.0214,0.0,0.0,0.3511,0.1077,0.2137,0.8474,128
o4mini,3,baseline,ES2010a,0.8709,0.3112,0.2857,1.6723,0.2985,0.0301,0.1716,0.8501,142
o4mini,3,baseline,ES2010b,0.3608,0.0153,0.0,0.2278,0.3219,0.0552,0.1575,0.8352,130
o4mini,3,baseline,ES2010c,0.6172,0.0256,0.0,0.6944,0.38,0.0738,0.2067,0.8581,139
o4mini,3,baseline,ES2010d,0.6025,0.135,0.0,0.5227,0.2847,0.0502,0.1851,0.8417,146
o4mini,3,baseline,covid_0,0.3981,0.0695,0.0,0.3447,0.1933,0.015,0.119,0.8253,128
o4mini,3,baseline,covid_1,0.4594,0.0886,0.0,0.8416,0.1514,0.008,0.0956,0.8256,153
o4mini,3,baseline,covid_10,0.5562,0.071,0.0,0.862,0.1832,0.0074,0.1099,0.8255,137
o4mini,3,baseline,covid_3,0.3972,0.0827,0.0,0.2524,0.2672,0.0245,0.1296,0.8379,144
o4mini,3,baseline,covid_5,0.5523,0.3446,0.3333,0.2451,0.2327,0.0127,0.1321,0.8312,150
o4mini,3,baseline,covid_7,0.5616,0.1956,0.0,1.0536,0.2189,0.0152,0.1283,0.8266,131
o4mini,3,baseline,covid_8,0.4725,0.0739,0.0,0.7521,0.2414,0.0278,0.1586,0.8279,151
o4mini,3,baseline,education_1,0.6604,0.3372,0.3333,1.3625,0.2521,0.0288,0.1433,0.8411,150
o4mini,3,reflection,Bdb001,0.6503,0.2755,0.3333,0.7426,0.2583,0.0252,0.1417,0.8458,133
o4mini,3,reflection,Bed004,0.5796,0.2171,0.1667,0.2998,0.2912,0.0309,0.1303,0.8314,126
o4mini,3,reflection,Bed005,0.4902,0.288,0.3333,0.7132,0.2214,0.0615,0.1145,0.8276,148
o4mini,3,reflection,Bed006,0.4853,0.0191,0.0,0.3428,0.2441,0.0397,0.1496,0.8412,128
o4mini,3,reflection,Bed009,0.2803,0.2092,0.2,1.9319,0.2679,0.0386,0.1531,0.8513,138
o4mini,3,reflection,Bed011,0.3364,0.0209,0.0,0.1208,0.3248,0.0776,0.188,0.8486,129
o4mini,3,reflection,ES2008c,0.7071,0.1883,0.1667,0.5953,0.2571,0.0647,0.1429,0.8446,163
o4mini,3,reflection,ES2008d,0.5318,0.0587,0.0,0.6094,0.3534,0.081,0.2088,0.8514,117
o4mini,3,reflection,ES2010a,0.8685,0.3323,0.375,1.0755,0.2934,0.0311,0.1544,0.8513,133
o4mini,3,reflection,ES2010b,0.422,0.0166,0.0,0.2563,0.3262,0.0571,0.1631,0.8367,121
o4mini,3,reflection,ES2010c,0.3479,0.1779,0.2,1.1646,0.4014,0.0906,0.2284,0.8635,131
o4mini,3,reflection,ES2010d,0.5981,0.2186,0.2,0.864,0.2619,0.04,0.1667,0.8382,114
o4mini,3,reflection,covid_0,0.3802,0.1036,0.0,0.3201,0.1894,0.0153,0.1136,0.8263,125
o4mini,3,reflection,covid_1,0.6899,0.2597,0.1667,0.8572,0.1333,0.0084,0.1,0.8233,148
o4mini,3,reflection,covid_10,0.4666,0.0828,0.0,0.74,0.2053,0.0,0.1141,0.826,128
o4mini,3,reflection,covid_3,0.6252,0.2633,0.25,1.2508,0.232,0.0242,0.12,0.8381,146
o4mini,3,reflection,covid_5,0.4383,0.3448,0.3333,0.1842,0.2596,0.0141,0.1404,0.8336,120
o4mini,3,reflection,covid_7,0.1775,0.3621,0.3333,0.6695,0.2034,0.0085,0.1356,0.8301,107
o4mini,3,reflection,covid_8,0.5051,0.0687,0.0,0.5878,0.2215,0.0348,0.1522,0.8268,150
o4mini,3,reflection,education_1,0.7029,0.3988,0.4286,1.4835,0.2507,0.0352,0.1399,0.8379,145
